Station,Latitude,Longitude,SST_C,Chla_mg_m3,Depth_m
S01,10.9674,72.8404,29.63,0.21,152.0
S02,10.627,72.8346,28.49,0.539,97.0
S03,10.8625,72.7952,28.97,0.306,153.0
S04,10.7243,72.5468,27.62,0.322,66.0
S05,10.5097,72.9151,27.52,0.263,84.0
S06,10.5924,72.6596,28.57,0.29,56.0
S07,10.7919,72.9463,28.99,0.355,100.0
S08,10.8037,72.5356,28.23,0.174,89.0
S09,10.6609,73.187,27.17,0.371,66.0
S10,10.5372,72.8283,27.11,0.135,143.0
S11,10.8331,73.1277,27.06,0.29,77.0
S12,10.5013,72.8329,26.79,0.271,71.0
S13,10.962,72.5422,28.29,0.189,50.0
S14,10.5127,73.0755,29.1,0.247,96.0
S15,10.4644,72.9537,28.19,0.189,75.0
S16,10.6986,73.0472,26.39,0.154,85.0
S17,10.7117,72.7997,28.05,0.213,65.0
S18,10.7049,72.9466,28.07,0.152,144.0
S19,10.662,73.0994,29.88,0.289,170.0
S20,10.9969,72.9417,27.03,0.149,105.0
