Year,Month,Month_Name,Island,Gear,Effort_trips,Catch_kg
2023,1,Jan,Agatti,Pole-and-line,25,601.7
2023,1,Jan,Agatti,Handline,21,409.0
2023,1,Jan,Kavaratti,Pole-and-line,16,371.2
2023,1,Jan,Kavaratti,Handline,18,303.0
2023,1,Jan,Kadmat,Pole-and-line,23,567.8
2023,1,Jan,Kadmat,Handline,21,401.8
2023,1,Jan,Minicoy,Pole-and-line,24,749.3
2023,1,Jan,Minicoy,Handline,19,298.2
2023,2,Feb,Agatti,Pole-and-line,25,608.4
2023,2,Feb,Agatti,Handline,21,365.3
2023,2,Feb,Kavaratti,Pole-and-line,23,580.8
2023,2,Feb,Kavaratti,Handline,22,377.9
2023,2,Feb,Kadmat,Pole-and-line,22,579.4
2023,2,Feb,Kadmat,Handline,20,365.3
2023,2,Feb,Minicoy,Pole-and-line,25,723.0
2023,2,Feb,Minicoy,Handline,26,432.8
2023,3,Mar,Agatti,Pole-and-line,21,521.1
2023,3,Mar,Agatti,Handline,20,397.4
2023,3,Mar,Kavaratti,Pole-and-line,23,568.7
2023,3,Mar,Kavaratti,Handline,14,264.1
2023,3,Mar,Kadmat,Pole-and-line,26,761.6
2023,3,Mar,Kadmat,Handline,15,269.8
2023,3,Mar,Minicoy,Pole-and-line,24,677.3
2023,3,Mar,Minicoy,Handline,21,377.4
2023,4,Apr,Agatti,Pole-and-line,26,490.1
2023,4,Apr,Agatti,Handline,19,243.2
2023,4,Apr,Kavaratti,Pole-and-line,18,323.7
2023,4,Apr,Kavaratti,Handline,16,175.8
2023,4,Apr,Kadmat,Pole-and-line,22,485.2
2023,4,Apr,Kadmat,Handline,14,186.0
2023,4,Apr,Minicoy,Pole-and-line,17,305.1
2023,4,Apr,Minicoy,Handline,18,229.3
2023,5,May,Agatti,Pole-and-line,26,532.5
2023,5,May,Agatti,Handline,16,179.8
2023,5,May,Kavaratti,Pole-and-line,27,493.3
2023,5,May,Kavaratti,Handline,12,123.4
2023,5,May,Kadmat,Pole-and-line,20,396.3
2023,5,May,Kadmat,Handline,18,231.9
2023,5,May,Minicoy,Pole-and-line,22,419.2
2023,5,May,Minicoy,Handline,20,229.2
2023,6,Jun,Agatti,Pole-and-line,25,430.4
2023,6,Jun,Agatti,Handline,16,181.7
2023,6,Jun,Kavaratti,Pole-and-line,19,376.1
2023,6,Jun,Kavaratti,Handline,16,190.7
2023,6,Jun,Kadmat,Pole-and-line,25,492.6
2023,6,Jun,Kadmat,Handline,20,235.2
2023,6,Jun,Minicoy,Pole-and-line,22,407.5
2023,6,Jun,Minicoy,Handline,11,108.2
2023,7,Jul,Agatti,Pole-and-line,18,296.3
2023,7,Jul,Agatti,Handline,19,201.5
2023,7,Jul,Kavaratti,Pole-and-line,22,475.5
2023,7,Jul,Kavaratti,Handline,16,207.3
2023,7,Jul,Kadmat,Pole-and-line,20,364.8
2023,7,Jul,Kadmat,Handline,14,159.8
2023,7,Jul,Minicoy,Pole-and-line,27,400.2
2023,7,Jul,Minicoy,Handline,19,232.6
2023,8,Aug,Agatti,Pole-and-line,21,324.6
2023,8,Aug,Agatti,Handline,18,200.6
2023,8,Aug,Kavaratti,Pole-and-line,24,450.0
2023,8,Aug,Kavaratti,Handline,24,277.4
2023,8,Aug,Kadmat,Pole-and-line,19,362.9
2023,8,Aug,Kadmat,Handline,18,249.1
2023,8,Aug,Minicoy,Pole-and-line,27,526.5
2023,8,Aug,Minicoy,Handline,23,234.7
2023,9,Sep,Agatti,Pole-and-line,21,349.0
2023,9,Sep,Agatti,Handline,16,158.9
2023,9,Sep,Kavaratti,Pole-and-line,26,473.2
2023,9,Sep,Kavaratti,Handline,12,125.4
2023,9,Sep,Kadmat,Pole-and-line,25,514.5
2023,9,Sep,Kadmat,Handline,25,401.5
2023,9,Sep,Minicoy,Pole-and-line,25,412.0
2023,9,Sep,Minicoy,Handline,9,110.5
2023,10,Oct,Agatti,Pole-and-line,20,522.6
2023,10,Oct,Agatti,Handline,15,258.1
2023,10,Oct,Kavaratti,Pole-and-line,28,784.5
2023,10,Oct,Kavaratti,Handline,17,260.5
2023,10,Oct,Kadmat,Pole-and-line,17,440.2
2023,10,Oct,Kadmat,Handline,17,360.6
2023,10,Oct,Minicoy,Pole-and-line,24,737.8
2023,10,Oct,Minicoy,Handline,16,240.2
2023,11,Nov,Agatti,Pole-and-line,20,502.1
2023,11,Nov,Agatti,Handline,26,410.2
2023,11,Nov,Kavaratti,Pole-and-line,27,662.0
2023,11,Nov,Kavaratti,Handline,21,384.5
2023,11,Nov,Kadmat,Pole-and-line,23,629.4
2023,11,Nov,Kadmat,Handline,15,276.6
2023,11,Nov,Minicoy,Pole-and-line,22,516.0
2023,11,Nov,Minicoy,Handline,12,214.3
2023,12,Dec,Agatti,Pole-and-line,30,840.8
2023,12,Dec,Agatti,Handline,17,307.7
2023,12,Dec,Kavaratti,Pole-and-line,29,818.5
2023,12,Dec,Kavaratti,Handline,16,317.2
2023,12,Dec,Kadmat,Pole-and-line,25,814.2
2023,12,Dec,Kadmat,Handline,18,268.7
2023,12,Dec,Minicoy,Pole-and-line,18,593.1
2023,12,Dec,Minicoy,Handline,24,411.0
2024,1,Jan,Agatti,Pole-and-line,22,711.1
2024,1,Jan,Agatti,Handline,13,203.1
2024,1,Jan,Kavaratti,Pole-and-line,26,681.1
2024,1,Jan,Kavaratti,Handline,17,291.7
2024,1,Jan,Kadmat,Pole-and-line,25,803.6
2024,1,Jan,Kadmat,Handline,18,339.3
2024,1,Jan,Minicoy,Pole-and-line,15,410.1
2024,1,Jan,Minicoy,Handline,14,209.2
2024,2,Feb,Agatti,Pole-and-line,20,527.9
2024,2,Feb,Agatti,Handline,21,309.0
2024,2,Feb,Kavaratti,Pole-and-line,24,621.7
2024,2,Feb,Kavaratti,Handline,16,313.7
2024,2,Feb,Kadmat,Pole-and-line,26,829.7
2024,2,Feb,Kadmat,Handline,17,272.7
2024,2,Feb,Minicoy,Pole-and-line,23,650.9
2024,2,Feb,Minicoy,Handline,18,274.0
2024,3,Mar,Agatti,Pole-and-line,24,678.1
2024,3,Mar,Agatti,Handline,28,600.4
2024,3,Mar,Kavaratti,Pole-and-line,20,531.0
2024,3,Mar,Kavaratti,Handline,12,195.1
2024,3,Mar,Kadmat,Pole-and-line,25,787.0
2024,3,Mar,Kadmat,Handline,15,241.9
2024,3,Mar,Minicoy,Pole-and-line,15,404.4
2024,3,Mar,Minicoy,Handline,13,213.0
2024,4,Apr,Agatti,Pole-and-line,20,369.8
2024,4,Apr,Agatti,Handline,10,98.1
2024,4,Apr,Kavaratti,Pole-and-line,32,506.0
2024,4,Apr,Kavaratti,Handline,13,188.8
2024,4,Apr,Kadmat,Pole-and-line,35,562.5
2024,4,Apr,Kadmat,Handline,16,198.2
2024,4,Apr,Minicoy,Pole-and-line,30,494.6
2024,4,Apr,Minicoy,Handline,17,221.2
2024,5,May,Agatti,Pole-and-line,25,446.4
2024,5,May,Agatti,Handline,17,168.9
2024,5,May,Kavaratti,Pole-and-line,23,416.4
2024,5,May,Kavaratti,Handline,18,199.9
2024,5,May,Kadmat,Pole-and-line,25,524.3
2024,5,May,Kadmat,Handline,18,223.2
2024,5,May,Minicoy,Pole-and-line,24,448.8
2024,5,May,Minicoy,Handline,15,185.3
2024,6,Jun,Agatti,Pole-and-line,23,538.1
2024,6,Jun,Agatti,Handline,24,298.8
2024,6,Jun,Kavaratti,Pole-and-line,20,324.1
2024,6,Jun,Kavaratti,Handline,22,270.1
2024,6,Jun,Kadmat,Pole-and-line,25,369.6
2024,6,Jun,Kadmat,Handline,21,263.5
2024,6,Jun,Minicoy,Pole-and-line,19,335.2
2024,6,Jun,Minicoy,Handline,19,227.5
2024,7,Jul,Agatti,Pole-and-line,22,406.3
2024,7,Jul,Agatti,Handline,16,193.9
2024,7,Jul,Kavaratti,Pole-and-line,29,375.3
2024,7,Jul,Kavaratti,Handline,17,206.6
2024,7,Jul,Kadmat,Pole-and-line,25,446.6
2024,7,Jul,Kadmat,Handline,10,123.7
2024,7,Jul,Minicoy,Pole-and-line,30,457.7
2024,7,Jul,Minicoy,Handline,21,240.0
2024,8,Aug,Agatti,Pole-and-line,23,375.8
2024,8,Aug,Agatti,Handline,16,220.1
2024,8,Aug,Kavaratti,Pole-and-line,26,587.3
2024,8,Aug,Kavaratti,Handline,22,275.6
2024,8,Aug,Kadmat,Pole-and-line,30,590.6
2024,8,Aug,Kadmat,Handline,21,241.0
2024,8,Aug,Minicoy,Pole-and-line,24,411.2
2024,8,Aug,Minicoy,Handline,21,214.6
2024,9,Sep,Agatti,Pole-and-line,27,493.3
2024,9,Sep,Agatti,Handline,22,285.4
2024,9,Sep,Kavaratti,Pole-and-line,31,630.5
2024,9,Sep,Kavaratti,Handline,11,129.8
2024,9,Sep,Kadmat,Pole-and-line,19,333.2
2024,9,Sep,Kadmat,Handline,24,307.4
2024,9,Sep,Minicoy,Pole-and-line,21,344.9
2024,9,Sep,Minicoy,Handline,18,182.9
2024,10,Oct,Agatti,Pole-and-line,21,599.1
2024,10,Oct,Agatti,Handline,22,413.1
2024,10,Oct,Kavaratti,Pole-and-line,14,399.1
2024,10,Oct,Kavaratti,Handline,18,330.6
2024,10,Oct,Kadmat,Pole-and-line,30,620.7
2024,10,Oct,Kadmat,Handline,15,281.1
2024,10,Oct,Minicoy,Pole-and-line,17,550.3
2024,10,Oct,Minicoy,Handline,19,366.3
2024,11,Nov,Agatti,Pole-and-line,21,633.9
2024,11,Nov,Agatti,Handline,22,395.8
2024,11,Nov,Kavaratti,Pole-and-line,24,681.4
2024,11,Nov,Kavaratti,Handline,14,240.7
2024,11,Nov,Kadmat,Pole-and-line,23,661.6
2024,11,Nov,Kadmat,Handline,21,320.8
2024,11,Nov,Minicoy,Pole-and-line,23,744.9
2024,11,Nov,Minicoy,Handline,15,236.6
2024,12,Dec,Agatti,Pole-and-line,24,726.9
2024,12,Dec,Agatti,Handline,18,365.2
2024,12,Dec,Kavaratti,Pole-and-line,27,817.5
2024,12,Dec,Kavaratti,Handline,20,447.8
2024,12,Dec,Kadmat,Pole-and-line,23,480.4
2024,12,Dec,Kadmat,Handline,24,396.9
2024,12,Dec,Minicoy,Pole-and-line,24,763.7
2024,12,Dec,Minicoy,Handline,11,163.6