Fish_ID,Species,Island,Gear,Length_cm,Weight_g
1,Skipjack tuna,Minicoy,Handline,60.5,3403.0
2,Skipjack tuna,Kavaratti,Pole-and-line,47.7,1403.0
3,Skipjack tuna,Kavaratti,Pole-and-line,53.7,2394.0
4,Skipjack tuna,Kavaratti,Pole-and-line,70.9,5294.0
5,Skipjack tuna,Agatti,Pole-and-line,47.5,1426.0
6,Skipjack tuna,Kavaratti,Handline,39.0,831.0
7,Skipjack tuna,Kadmat,Pole-and-line,41.2,989.0
8,Skipjack tuna,Minicoy,Pole-and-line,58.3,2821.0
9,Skipjack tuna,Kadmat,Pole-and-line,58.3,3604.0
10,Skipjack tuna,Minicoy,Pole-and-line,56.9,2674.0
11,Skipjack tuna,Kadmat,Pole-and-line,68.9,4710.0
12,Skipjack tuna,Agatti,Pole-and-line,33.9,433.0
13,Skipjack tuna,Kavaratti,Pole-and-line,61.6,3096.0
14,Skipjack tuna,Minicoy,Pole-and-line,72.1,5397.0
15,Skipjack tuna,Agatti,Handline,47.8,1465.0
16,Skipjack tuna,Minicoy,Pole-and-line,54.6,2816.0
17,Skipjack tuna,Kadmat,Pole-and-line,51.2,1922.0
18,Skipjack tuna,Kavaratti,Handline,50.0,2129.0
19,Skipjack tuna,Minicoy,Handline,55.1,2471.0
20,Skipjack tuna,Minicoy,Pole-and-line,70.8,5293.0
21,Skipjack tuna,Agatti,Pole-and-line,74.5,6090.0
22,Skipjack tuna,Agatti,Pole-and-line,55.0,2441.0
23,Skipjack tuna,Kadmat,Pole-and-line,75.1,7753.0
24,Skipjack tuna,Minicoy,Handline,58.3,2206.0
25,Skipjack tuna,Agatti,Pole-and-line,73.8,4704.0
26,Skipjack tuna,Kadmat,Handline,57.2,2576.0
27,Skipjack tuna,Agatti,Handline,59.2,3059.0
28,Skipjack tuna,Kadmat,Pole-and-line,61.3,3689.0
29,Skipjack tuna,Kadmat,Handline,82.0,8729.0
30,Skipjack tuna,Agatti,Pole-and-line,65.7,4006.0
31,Skipjack tuna,Kadmat,Handline,51.6,2269.0
32,Skipjack tuna,Minicoy,Pole-and-line,66.7,4971.0
33,Skipjack tuna,Minicoy,Pole-and-line,54.7,2453.0
34,Skipjack tuna,Agatti,Pole-and-line,53.6,2531.0
35,Skipjack tuna,Agatti,Pole-and-line,66.2,4436.0
36,Skipjack tuna,Agatti,Pole-and-line,58.3,2724.0
37,Skipjack tuna,Kavaratti,Handline,60.5,3547.0
38,Skipjack tuna,Agatti,Pole-and-line,58.1,2922.0
39,Skipjack tuna,Minicoy,Pole-and-line,61.0,3346.0
40,Skipjack tuna,Minicoy,Pole-and-line,61.8,4154.0
41,Skipjack tuna,Minicoy,Pole-and-line,40.6,720.0
42,Skipjack tuna,Agatti,Pole-and-line,64.0,3267.0
43,Skipjack tuna,Agatti,Handline,49.2,1506.0
44,Skipjack tuna,Minicoy,Pole-and-line,45.0,1266.0
45,Skipjack tuna,Kavaratti,Pole-and-line,57.5,2710.0
46,Skipjack tuna,Kadmat,Pole-and-line,58.8,2496.0
47,Skipjack tuna,Minicoy,Pole-and-line,51.8,1805.0
48,Skipjack tuna,Agatti,Pole-and-line,65.5,3748.0
49,Skipjack tuna,Agatti,Handline,45.9,1887.0
50,Skipjack tuna,Agatti,Pole-and-line,54.3,2912.0
51,Skipjack tuna,Agatti,Handline,52.7,2038.0
52,Skipjack tuna,Agatti,Pole-and-line,57.6,2689.0
53,Skipjack tuna,Minicoy,Pole-and-line,60.5,2842.0
54,Skipjack tuna,Kadmat,Handline,48.9,1356.0
55,Skipjack tuna,Minicoy,Handline,64.5,3911.0
56,Skipjack tuna,Minicoy,Handline,58.6,2626.0
57,Skipjack tuna,Minicoy,Handline,41.0,986.0
58,Skipjack tuna,Agatti,Handline,40.4,786.0
59,Skipjack tuna,Kavaratti,Handline,57.9,2604.0
60,Skipjack tuna,Minicoy,Pole-and-line,56.0,2624.0
61,Skipjack tuna,Agatti,Handline,57.1,2858.0
62,Skipjack tuna,Agatti,Pole-and-line,57.7,2968.0
63,Skipjack tuna,Kadmat,Pole-and-line,60.0,2715.0
64,Skipjack tuna,Minicoy,Handline,66.5,4823.0
65,Skipjack tuna,Minicoy,Handline,48.0,1463.0
66,Skipjack tuna,Minicoy,Handline,47.5,1683.0
67,Skipjack tuna,Agatti,Pole-and-line,48.2,1629.0
68,Skipjack tuna,Minicoy,Handline,60.6,2780.0
69,Skipjack tuna,Minicoy,Handline,69.2,4732.0
70,Skipjack tuna,Kadmat,Pole-and-line,54.1,2424.0
71,Skipjack tuna,Minicoy,Pole-and-line,35.5,691.0
72,Skipjack tuna,Minicoy,Pole-and-line,42.7,1108.0
73,Skipjack tuna,Kavaratti,Handline,50.5,2260.0
74,Skipjack tuna,Agatti,Pole-and-line,53.0,2459.0
75,Skipjack tuna,Kavaratti,Handline,54.3,2275.0
76,Skipjack tuna,Agatti,Pole-and-line,58.3,3188.0
77,Skipjack tuna,Agatti,Handline,55.2,3111.0
78,Skipjack tuna,Agatti,Pole-and-line,67.4,5738.0
79,Skipjack tuna,Kadmat,Handline,51.9,1764.0
80,Skipjack tuna,Kadmat,Pole-and-line,50.2,1652.0
81,Skipjack tuna,Kadmat,Pole-and-line,62.3,4263.0
82,Skipjack tuna,Kadmat,Handline,44.2,1103.0
83,Skipjack tuna,Kadmat,Handline,61.5,2926.0
84,Skipjack tuna,Kadmat,Handline,58.9,2836.0
85,Skipjack tuna,Agatti,Pole-and-line,56.7,2815.0
86,Skipjack tuna,Minicoy,Pole-and-line,72.3,5549.0
87,Skipjack tuna,Kavaratti,Pole-and-line,52.4,1946.0
88,Skipjack tuna,Agatti,Pole-and-line,76.5,6155.0
89,Skipjack tuna,Minicoy,Handline,56.0,2366.0
90,Skipjack tuna,Kadmat,Handline,46.5,1315.0
91,Skipjack tuna,Agatti,Handline,58.6,3892.0
92,Skipjack tuna,Agatti,Handline,48.3,1701.0
93,Skipjack tuna,Agatti,Handline,51.2,2181.0
94,Skipjack tuna,Kavaratti,Handline,61.6,3250.0
95,Skipjack tuna,Agatti,Pole-and-line,63.0,3610.0
96,Skipjack tuna,Kadmat,Pole-and-line,52.4,1932.0
97,Skipjack tuna,Kadmat,Pole-and-line,66.9,3225.0
98,Skipjack tuna,Minicoy,Handline,68.4,4021.0
99,Skipjack tuna,Kadmat,Pole-and-line,70.9,4259.0
100,Skipjack tuna,Kadmat,Pole-and-line,62.8,2791.0
101,Skipjack tuna,Kadmat,Handline,70.3,4468.0
102,Skipjack tuna,Agatti,Pole-and-line,41.1,1176.0
103,Skipjack tuna,Agatti,Pole-and-line,55.1,2440.0
104,Skipjack tuna,Kadmat,Handline,50.2,2156.0
105,Skipjack tuna,Agatti,Handline,59.1,3191.0
106,Skipjack tuna,Agatti,Pole-and-line,52.9,2380.0
107,Skipjack tuna,Agatti,Handline,56.5,2377.0
108,Skipjack tuna,Minicoy,Pole-and-line,74.9,6663.0
109,Skipjack tuna,Kavaratti,Handline,56.5,2890.0
110,Skipjack tuna,Kadmat,Pole-and-line,61.7,3232.0
111,Skipjack tuna,Kavaratti,Pole-and-line,55.9,2741.0
112,Skipjack tuna,Agatti,Pole-and-line,58.7,3184.0
113,Skipjack tuna,Kavaratti,Pole-and-line,58.1,2699.0
114,Skipjack tuna,Agatti,Handline,62.0,3072.0
115,Skipjack tuna,Minicoy,Pole-and-line,68.5,4134.0
116,Skipjack tuna,Agatti,Pole-and-line,72.8,5797.0
117,Skipjack tuna,Kavaratti,Pole-and-line,60.8,3445.0
118,Skipjack tuna,Minicoy,Handline,63.3,3405.0
119,Skipjack tuna,Kadmat,Handline,47.6,1575.0
120,Skipjack tuna,Kavaratti,Handline,57.2,2944.0
121,Skipjack tuna,Kadmat,Pole-and-line,66.5,4688.0
122,Skipjack tuna,Minicoy,Pole-and-line,65.8,5077.0
123,Skipjack tuna,Kavaratti,Pole-and-line,59.9,3689.0
124,Skipjack tuna,Kadmat,Pole-and-line,66.0,3772.0
125,Skipjack tuna,Minicoy,Handline,62.4,4388.0
126,Skipjack tuna,Kadmat,Handline,68.8,4531.0
127,Skipjack tuna,Kavaratti,Pole-and-line,60.6,3717.0
128,Skipjack tuna,Agatti,Pole-and-line,54.8,2432.0
129,Skipjack tuna,Agatti,Handline,61.0,3184.0
130,Skipjack tuna,Minicoy,Pole-and-line,32.0,376.0
131,Skipjack tuna,Kadmat,Pole-and-line,61.4,3343.0
132,Skipjack tuna,Kavaratti,Pole-and-line,32.0,388.0
133,Skipjack tuna,Kavaratti,Pole-and-line,42.5,1248.0
134,Skipjack tuna,Kadmat,Pole-and-line,62.1,4238.0
135,Skipjack tuna,Kadmat,Pole-and-line,62.3,3242.0
136,Skipjack tuna,Kadmat,Pole-and-line,47.5,1617.0
137,Skipjack tuna,Kavaratti,Pole-and-line,51.6,1841.0
138,Skipjack tuna,Kadmat,Pole-and-line,70.3,4782.0
139,Skipjack tuna,Kavaratti,Pole-and-line,53.6,2475.0
140,Skipjack tuna,Minicoy,Handline,78.2,7103.0
141,Skipjack tuna,Agatti,Handline,58.0,3534.0
142,Skipjack tuna,Agatti,Pole-and-line,61.7,3269.0
143,Skipjack tuna,Kavaratti,Pole-and-line,72.6,6414.0
144,Skipjack tuna,Kadmat,Handline,59.2,3089.0
145,Skipjack tuna,Kadmat,Pole-and-line,49.0,1887.0
146,Skipjack tuna,Kavaratti,Pole-and-line,57.0,2578.0
147,Skipjack tuna,Minicoy,Handline,57.7,2807.0
148,Skipjack tuna,Kavaratti,Pole-and-line,45.7,1367.0
149,Skipjack tuna,Agatti,Handline,55.7,2293.0
150,Skipjack tuna,Agatti,Pole-and-line,51.3,2136.0
151,Skipjack tuna,Minicoy,Handline,66.3,4663.0
152,Skipjack tuna,Agatti,Pole-and-line,58.3,3129.0
153,Skipjack tuna,Minicoy,Pole-and-line,55.5,3016.0
154,Skipjack tuna,Kavaratti,Pole-and-line,57.0,3237.0
155,Skipjack tuna,Agatti,Pole-and-line,60.0,3041.0
156,Skipjack tuna,Kavaratti,Handline,63.6,3973.0
157,Skipjack tuna,Kadmat,Pole-and-line,49.0,1591.0
158,Skipjack tuna,Kavaratti,Pole-and-line,48.6,1677.0
159,Skipjack tuna,Minicoy,Handline,67.9,4316.0
160,Skipjack tuna,Kadmat,Handline,54.3,2849.0
161,Skipjack tuna,Kavaratti,Pole-and-line,45.2,1401.0
162,Skipjack tuna,Kadmat,Pole-and-line,62.0,3425.0
163,Skipjack tuna,Minicoy,Handline,62.2,4097.0
164,Skipjack tuna,Kavaratti,Handline,44.2,965.0
165,Skipjack tuna,Agatti,Handline,60.1,2511.0
166,Skipjack tuna,Kavaratti,Handline,64.6,4384.0
167,Skipjack tuna,Minicoy,Handline,61.4,3438.0
168,Skipjack tuna,Agatti,Pole-and-line,63.7,3934.0
169,Skipjack tuna,Minicoy,Pole-and-line,45.4,1159.0
170,Skipjack tuna,Kadmat,Pole-and-line,61.0,3336.0
171,Skipjack tuna,Kadmat,Handline,55.3,3154.0
172,Skipjack tuna,Kavaratti,Handline,53.7,2504.0
173,Skipjack tuna,Minicoy,Pole-and-line,65.8,4301.0
174,Skipjack tuna,Agatti,Pole-and-line,71.3,5108.0
175,Skipjack tuna,Kavaratti,Pole-and-line,74.1,5775.0
176,Skipjack tuna,Kavaratti,Handline,69.8,3908.0
177,Skipjack tuna,Kavaratti,Pole-and-line,57.0,2806.0
178,Skipjack tuna,Kavaratti,Pole-and-line,61.2,3740.0
179,Skipjack tuna,Agatti,Pole-and-line,64.9,3345.0
180,Skipjack tuna,Agatti,Pole-and-line,59.1,2806.0
181,Skipjack tuna,Agatti,Pole-and-line,59.2,2657.0
182,Skipjack tuna,Kadmat,Pole-and-line,65.4,3685.0
183,Skipjack tuna,Kavaratti,Pole-and-line,57.5,2812.0
184,Skipjack tuna,Kadmat,Pole-and-line,51.4,1545.0
185,Skipjack tuna,Kadmat,Pole-and-line,54.3,2525.0
186,Skipjack tuna,Kadmat,Pole-and-line,63.7,4179.0
187,Skipjack tuna,Kadmat,Pole-and-line,58.0,2783.0
188,Skipjack tuna,Kadmat,Handline,61.1,2496.0
189,Skipjack tuna,Kadmat,Pole-and-line,64.0,3436.0
190,Skipjack tuna,Kadmat,Pole-and-line,54.6,2766.0
191,Skipjack tuna,Kadmat,Pole-and-line,64.8,2882.0
192,Skipjack tuna,Kavaratti,Pole-and-line,61.4,3273.0
193,Skipjack tuna,Agatti,Pole-and-line,46.9,1302.0
194,Skipjack tuna,Minicoy,Pole-and-line,71.0,5854.0
195,Skipjack tuna,Kavaratti,Handline,53.5,2068.0
196,Skipjack tuna,Kadmat,Pole-and-line,43.1,1217.0
197,Skipjack tuna,Agatti,Pole-and-line,48.6,1790.0
198,Skipjack tuna,Kavaratti,Pole-and-line,48.8,2111.0
199,Skipjack tuna,Kadmat,Pole-and-line,58.5,2874.0
200,Skipjack tuna,Kadmat,Pole-and-line,55.5,2623.0
201,Skipjack tuna,Kadmat,Handline,55.0,2041.0
202,Skipjack tuna,Kavaratti,Handline,63.6,4383.0
203,Skipjack tuna,Minicoy,Pole-and-line,61.1,3069.0
204,Skipjack tuna,Kadmat,Pole-and-line,60.8,3096.0
205,Skipjack tuna,Minicoy,Pole-and-line,61.7,3455.0
206,Skipjack tuna,Kadmat,Pole-and-line,63.5,3135.0
207,Skipjack tuna,Kadmat,Handline,39.0,879.0
208,Skipjack tuna,Minicoy,Pole-and-line,54.7,2694.0
209,Skipjack tuna,Agatti,Pole-and-line,38.4,845.0
210,Skipjack tuna,Minicoy,Handline,58.3,2408.0
211,Skipjack tuna,Minicoy,Pole-and-line,58.0,2826.0
212,Skipjack tuna,Kadmat,Pole-and-line,67.4,4958.0
213,Skipjack tuna,Kadmat,Handline,68.7,3837.0
214,Skipjack tuna,Kadmat,Pole-and-line,59.8,2768.0
215,Skipjack tuna,Kavaratti,Pole-and-line,53.5,2491.0
216,Skipjack tuna,Minicoy,Pole-and-line,62.4,3703.0
217,Skipjack tuna,Agatti,Handline,53.2,2316.0
218,Skipjack tuna,Kavaratti,Pole-and-line,58.0,3585.0
219,Skipjack tuna,Kadmat,Pole-and-line,66.9,4690.0
220,Skipjack tuna,Minicoy,Pole-and-line,53.0,2358.0
221,Skipjack tuna,Kavaratti,Pole-and-line,65.3,5701.0
222,Skipjack tuna,Kavaratti,Pole-and-line,64.1,3793.0
223,Skipjack tuna,Agatti,Pole-and-line,49.4,1598.0
224,Skipjack tuna,Agatti,Pole-and-line,66.8,4646.0
225,Skipjack tuna,Agatti,Pole-and-line,64.3,4141.0
226,Skipjack tuna,Agatti,Handline,58.9,2822.0
227,Skipjack tuna,Minicoy,Pole-and-line,51.1,1722.0
228,Skipjack tuna,Minicoy,Handline,50.3,2451.0
229,Skipjack tuna,Minicoy,Pole-and-line,53.2,2292.0
230,Skipjack tuna,Agatti,Pole-and-line,62.9,3364.0
231,Skipjack tuna,Agatti,Handline,49.4,1962.0
232,Skipjack tuna,Kavaratti,Handline,61.9,3453.0
233,Skipjack tuna,Kadmat,Pole-and-line,46.8,1446.0
234,Skipjack tuna,Kavaratti,Handline,56.2,2787.0
235,Skipjack tuna,Kavaratti,Pole-and-line,59.0,2588.0
236,Skipjack tuna,Agatti,Pole-and-line,80.0,7980.0
237,Skipjack tuna,Kadmat,Handline,45.6,1733.0
238,Skipjack tuna,Kavaratti,Pole-and-line,71.2,5669.0
239,Skipjack tuna,Agatti,Handline,59.3,2934.0
240,Skipjack tuna,Kadmat,Pole-and-line,61.7,3259.0
241,Skipjack tuna,Minicoy,Handline,59.1,2892.0
242,Skipjack tuna,Agatti,Pole-and-line,62.0,3410.0
243,Skipjack tuna,Kavaratti,Pole-and-line,56.6,2544.0
244,Skipjack tuna,Minicoy,Pole-and-line,71.1,5959.0
245,Skipjack tuna,Kadmat,Pole-and-line,53.9,1863.0
246,Skipjack tuna,Minicoy,Pole-and-line,68.2,5214.0
247,Skipjack tuna,Kavaratti,Pole-and-line,52.2,1987.0
248,Skipjack tuna,Kavaratti,Pole-and-line,57.5,2923.0
249,Skipjack tuna,Kadmat,Pole-and-line,48.4,1443.0
250,Skipjack tuna,Agatti,Pole-and-line,62.1,4143.0
251,Skipjack tuna,Agatti,Handline,71.0,6172.0
252,Skipjack tuna,Kadmat,Handline,57.3,3101.0
253,Skipjack tuna,Kadmat,Handline,56.2,2172.0
254,Skipjack tuna,Agatti,Pole-and-line,48.0,1779.0
255,Skipjack tuna,Kadmat,Handline,55.9,2691.0
256,Skipjack tuna,Kavaratti,Pole-and-line,43.7,998.0
257,Skipjack tuna,Kadmat,Pole-and-line,49.8,1797.0
258,Skipjack tuna,Minicoy,Pole-and-line,60.0,3323.0
259,Skipjack tuna,Agatti,Handline,69.9,5418.0
260,Skipjack tuna,Minicoy,Pole-and-line,82.0,8425.0
261,Skipjack tuna,Kavaratti,Pole-and-line,52.7,2218.0
262,Skipjack tuna,Minicoy,Handline,70.9,6316.0
263,Skipjack tuna,Kavaratti,Pole-and-line,60.2,3723.0
264,Skipjack tuna,Kavaratti,Pole-and-line,56.6,1887.0
265,Skipjack tuna,Minicoy,Handline,61.9,3367.0
266,Skipjack tuna,Kadmat,Pole-and-line,58.6,2902.0
267,Skipjack tuna,Agatti,Pole-and-line,59.0,2449.0
268,Skipjack tuna,Kadmat,Handline,54.3,2373.0
269,Skipjack tuna,Minicoy,Handline,45.4,1579.0
270,Skipjack tuna,Kavaratti,Pole-and-line,44.1,1092.0
271,Skipjack tuna,Minicoy,Pole-and-line,63.9,4013.0
272,Skipjack tuna,Kadmat,Pole-and-line,55.5,2247.0
273,Skipjack tuna,Kavaratti,Pole-and-line,52.6,1964.0
274,Skipjack tuna,Agatti,Pole-and-line,58.1,3443.0
275,Skipjack tuna,Kadmat,Pole-and-line,65.2,3840.0
276,Skipjack tuna,Agatti,Handline,59.6,3294.0
277,Skipjack tuna,Minicoy,Handline,52.1,1652.0
278,Skipjack tuna,Kadmat,Pole-and-line,69.0,6092.0
279,Skipjack tuna,Kavaratti,Pole-and-line,72.2,6013.0
280,Skipjack tuna,Agatti,Pole-and-line,62.5,3525.0
281,Skipjack tuna,Kadmat,Handline,66.8,4729.0
282,Skipjack tuna,Agatti,Pole-and-line,69.2,4150.0
283,Skipjack tuna,Kavaratti,Pole-and-line,68.2,5418.0
284,Skipjack tuna,Minicoy,Pole-and-line,63.5,3637.0
285,Skipjack tuna,Minicoy,Pole-and-line,63.4,3672.0
286,Skipjack tuna,Minicoy,Handline,62.7,3429.0
287,Skipjack tuna,Minicoy,Handline,48.1,1512.0
288,Skipjack tuna,Kadmat,Pole-and-line,64.3,4270.0
289,Skipjack tuna,Agatti,Handline,45.8,1439.0
290,Skipjack tuna,Minicoy,Handline,50.8,2070.0
291,Skipjack tuna,Minicoy,Pole-and-line,69.7,5019.0
292,Skipjack tuna,Minicoy,Pole-and-line,65.6,4441.0
293,Skipjack tuna,Kadmat,Pole-and-line,71.4,5142.0
294,Skipjack tuna,Agatti,Handline,55.6,3295.0
295,Skipjack tuna,Kadmat,Pole-and-line,47.6,1301.0
296,Skipjack tuna,Kavaratti,Pole-and-line,55.8,2966.0
297,Skipjack tuna,Minicoy,Pole-and-line,58.9,3543.0
298,Skipjack tuna,Kavaratti,Handline,58.7,2686.0
299,Skipjack tuna,Kavaratti,Pole-and-line,68.2,6143.0
300,Skipjack tuna,Agatti,Handline,54.7,2703.0
